{"PTI": [10177, 3.6506903582041015, 0.06288690183747667, 0.2615702073302545, 0.6755428908322688], "PMLN": [10468, 8.174013040776577, 0.12781811234237678, 0.34514711501719525, 0.527034772640428], "PPP": [10187, 2.0663473825123586, 0.08314518503975656, 0.29478747423186413, 0.6220673407283793], "MQM": [1635, 1.7962517228195056, 0.07767584097859327, 0.29357798165137616, 0.6287461773700306], "MMA": [3579, 19.34887998117958, 0.07655769768091646, 0.3126571668063705, 0.6107851355127131]}