{"NumberTweets": [35.76093294460642, 24.11661807580175, 30.058309037900877, 10.064139941690962], "UrduTweets": [42.46913580246914, 30.271604938271608, 15.06172839506173, 12.197530864197532], "Popularity": [22.001768909473686, 68.70963519849239, 8.138597923402617, 1.1499979686312953], "NegEmotion": [15.13351137208829, 38.032099886099566, 20.338711630053698, 26.495677111758443], "PosEmotion": [33.64507270762144, 25.020458258353006, 17.309868442699404, 24.024600591326134], "NeuEmotion": [23.203330403304026, 21.89799899724358, 29.813480694437665, 25.085189905014726]}