{"NumberTweets": [35.14318662310206, 25.052854122621564, 31.625985008648854, 8.177974245627523], "UrduTweets": [45.03753127606338, 25.938281901584652, 16.34695579649708, 12.67723102585488], "Popularity": [14.762841691571454, 77.25877867768952, 4.620204715088159, 3.358174915650862], "NegEmotion": [19.423657012354187, 27.42281486039897, 26.111569229070046, 27.041958898176784], "PosEmotion": [32.2567616949154, 30.123762554971822, 16.736346610380266, 20.88312913973251], "NeuEmotion": [22.54761649001243, 21.956237480441228, 28.919120032152506, 26.577025997393843]}