{"NumberTweets": [3657.0, 2607.0, 3291.0, 851.0], "UrduTweets": [540.0, 311.0, 196.0, 152.0], "Popularity": [0.08254721934582684, 0.4319965954480858, 0.025834121912771697, 0.018777414752212073], "NegEmotion": [0.18744148038170955, 0.2646346674262926, 0.25198093172018865, 0.26095934483767186], "PosEmotion": [0.7549770112190041, 0.7050536701583561, 0.39171808571912325, 0.48877449546651064], "NeuEmotion": [1.0564868473042062, 1.0287773044502857, 1.355028810389522, 1.2452880959344839]}