{"NumberTweets": [6133.0, 4136.0, 5155.0, 1726.0], "UrduTweets": [860.0, 613.0, 305.0, 247.0], "Popularity": [0.12556353541176138, 0.3921241400122263, 0.0464467712919769, 0.006563009149483132], "NegEmotion": [0.16739920626089538, 0.42069174673568377, 0.22497648427579797, 0.2930817051509769], "PosEmotion": [0.7523460903221866, 0.5594888770883008, 0.38707040284999183, 0.5372202486678508], "NeuEmotion": [1.079585654223857, 1.0188522579614805, 1.3871373419572426, 1.1671432800473653]}