{"PTI Line": [23.10673694941647, 25.228133625245984, 14.271550153850937, 11.820099156920087, 23.59067098873118, 19.995309674800584, 15.938158558720872, 15.275830809989795], "PMLN Line": [-53.493931191657374, 33.91705842302688, 85.02254355016517, 73.74450151272366, -67.37224348155604, 43.01053257478065, 68.78287389330679, 79.94341850462565], "PPP Line": [23.39933185892616, 40.85480795172714, 0.705906295983906, 14.435399330356258, 9.03708552971278, 36.994157750418765, 15.27896754797233, 4.780750685384549], "Balouchistan": [15.275830809989795, 79.94341850462565, 4.780750685384549]}