{"PTI Line": [21.260737508801387, 33.35679355168414, 34.38063305810009, 25.575243152067035, 27.035473964461886, 23.689339756926536, 17.165241876810033, 15.762014560570003, 44.2466603434665, 23.35181490500876, 22.65020116817653, 22.25773237970367, 23.10673694941647, 25.228133625245984, 14.271550153850937, 11.820099156920087], "PMLN Line": [-45.642291990428205, 29.69802042407899, 56.936097442781765, 64.15527463204424, -44.570764130604246, 30.750728929364683, 67.97964023433165, 54.6611911093031, -23.69965260757667, 29.990502449590906, 59.102515153481505, 69.50898713860252, -53.493931191657374, 33.91705842302688, 85.02254355016517, 73.74450151272366], "PPP Line": [33.09697050077041, 36.94518602423686, 8.683269499118133, 10.26948221588873, 28.39376190493386, 45.55993131370879, 14.855117888858333, 29.576794330126905, 32.053687048956824, 46.65768264540034, 18.24728367834196, 8.233280481693814, 23.39933185892616, 40.85480795172714, 0.705906295983906, 14.435399330356258], "KPK": [11.820099156920087, 73.74450151272366, 14.435399330356258]}