{"PTI Line": [23.10673694941647, 25.228133625245984, 14.271550153850937, 11.820099156920087], "PMLN Line": [-53.493931191657374, 33.91705842302688, 85.02254355016517, 73.74450151272366], "PPP Line": [23.39933185892616, 40.85480795172714, 0.705906295983906, 14.435399330356258], "KPK": [11.820099156920087, 73.74450151272366, 14.435399330356258]}