{"PTI Line": [21.260737508801387, 33.35679355168414, 34.38063305810009, 25.575243152067035], "PMLN Line": [-45.642291990428205, 29.69802042407899, 56.936097442781765, 64.15527463204424], "PPP Line": [33.09697050077041, 36.94518602423686, 8.683269499118133, 10.26948221588873], "Pakistan": [25.575243152067035, 64.15527463204424, 10.26948221588873], "Punjab": [25.575243152067035, 64.15527463204424, 10.26948221588873], "Sindh": [25.575243152067035, 64.15527463204424, 10.26948221588873], "KPK": [25.575243152067035, 64.15527463204424, 10.26948221588873], "Balochistan": [25.575243152067035, 64.15527463204424, 10.26948221588873]}