{"PTI Line": [21.260737508801387, 33.35679355168414, 34.38063305810009, 25.575243152067035], "PMLN Line": [-45.642291990428205, 29.69802042407899, 56.936097442781765, 64.15527463204424], "PPP Line": [33.09697050077041, 36.94518602423686, 8.683269499118133, 10.26948221588873], "Pakistan": [25.575243152067035, 64.15527463204424, 10.26948221588873], "Punjab": [15.762014560570003, 54.6611911093031, 29.576794330126905], "Sindh": [22.25773237970367, 69.50898713860252, 8.233280481693814], "KPK": [11.820099156920087, 73.74450151272366, 14.435399330356258], "Balochistan": [15.275830809989795, 79.94341850462565, 4.780750685384549]}