{"PTI Line": [27.035473964461886, 23.689339756926536, 17.165241876810033, 15.762014560570003], "PMLN Line": [-44.570764130604246, 30.750728929364683, 67.97964023433165, 54.6611911093031], "PPP Line": [28.39376190493386, 45.55993131370879, 14.855117888858333, 29.576794330126905], "Punjab": [15.762014560570003, 54.6611911093031, 29.576794330126905]}