{"PTI Line": [21.260737508801387, 33.35679355168414, 34.38063305810009, 25.575243152067035, 27.035473964461886, 23.689339756926536, 17.165241876810033, 15.762014560570003], "PMLN Line": [-45.642291990428205, 29.69802042407899, 56.936097442781765, 64.15527463204424, -44.570764130604246, 30.750728929364683, 67.97964023433165, 54.6611911093031], "PPP Line": [33.09697050077041, 36.94518602423686, 8.683269499118133, 10.26948221588873, 28.39376190493386, 45.55993131370879, 14.855117888858333, 29.576794330126905], "Punjab": [15.762014560570003, 54.6611911093031, 29.576794330126905]}