{"PTI Line": [44.2466603434665, 23.35181490500876, 22.65020116817653, 22.25773237970367], "PMLN Line": [-23.69965260757667, 29.990502449590906, 59.102515153481505, 69.50898713860252], "PPP Line": [32.053687048956824, 46.65768264540034, 18.24728367834196, 8.233280481693814], "Sindh": [22.25773237970367, 69.50898713860252, 8.233280481693814]}