{"NumberTweets": [4624.0, 3635.0, 3293.0, 1002.0], "UrduTweets": [699.0, 514.0, 77.0, 122.0], "Popularity": [0.06839750712246428, 0.12946230281160567, 0.024810814806562612, -0.00012093192988771509], "NegEmotion": [0.10661764705882353, 0.18459422283356258, 0.1436380200425144, 0.1536926147704591], "PosEmotion": [0.3765138408304498, 0.2552957359009629, 0.1633768600060735, 0.25948103792415167], "NeuEmotion": [0.5166522491349481, 0.5598349381017882, 0.6926814454904342, 0.5858283433133733]}